row ID;Label;AI Matching;Assessment;Scheduling;Triage;Bulk;Campaigns;Confidentiality;CRM;Parsing;FS;Analytics;Marketplace;Languages;Multi-device;Sharing;Social;White Label;Workflow;Vetting;Web-tracking;Video;Agents;Chatbot;Events;?
Row0;100hires.com;0;0;1;0;1;1;0;0;1;0;1;0;0;1;0;1;0;1;0;1;0;0;0;0;0
Row1;360resourcing.co.uk;0;0;1;0;1;1;1;1;1;0;1;0;0;1;0;1;1;1;0;0;0;0;0;0;0
Row2;365talents.com;1;0;0;0;0;0;0;0;0;0;0;1;0;0;0;0;0;0;0;0;0;0;0;0;0
Row3;50skills.com;0;0;1;1;1;1;0;0;1;0;1;0;0;1;1;1;1;1;0;0;1;0;0;0;0
Row4;AcquireTM.com;0;0;1;0;1;1;0;1;1;1;1;0;0;1;1;1;1;1;0;1;1;1;0;0;0
Row5;Qandidate.com;0;0;0;0;0;1;0;1;0;0;1;0;1;1;1;1;1;0;0;0;0;0;0;0;0
Row6;RockstarFinder.com;0;0;0;0;0;0;0;0;1;0;0;0;0;1;1;1;0;0;0;0;0;0;0;0;0
Row7;Vizirecruiter.com;0;0;1;0;0;0;0;0;0;0;0;0;0;1;1;1;1;0;0;0;1;0;0;0;0
Row8;a1000assessments.com;0;1;0;0;0;0;0;0;0;0;0;0;0;0;0;0;0;0;0;0;0;0;0;0;0
Row9;acendre.com;0;0;0;1;0;0;1;0;0;0;1;0;0;1;1;0;1;1;0;0;0;0;0;0;0
Row10;actionhrm.com;0;0;1;0;0;1;0;1;1;0;0;0;1;0;0;0;1;0;0;0;0;0;0;0;0
Row11;adaptiveimmersion.com;0;1;0;0;0;0;0;0;0;0;0;0;0;0;0;0;0;0;0;0;0;0;0;0;0
Row12;adepto.com;0;0;0;1;0;0;1;1;0;1;0;1;0;0;0;0;1;1;0;0;0;0;0;0;0
Row13;alcamiinteractive.com;0;0;1;0;0;0;0;0;0;0;0;0;0;1;0;0;0;0;0;0;1;0;0;0;0
Row14;alchemus.com;0;0;1;1;1;1;0;1;1;0;1;0;0;0;1;1;1;0;0;0;1;0;0;0;0
Row15;allyo.com;0;1;1;1;0;0;1;0;0;1;0;0;1;1;1;0;1;0;0;0;0;0;1;0;0
Row16;alongside.com;0;0;0;0;1;1;0;0;1;0;1;0;0;1;1;1;1;1;0;1;0;0;0;0;0
Row17;altamirahrm.com;0;0;1;1;1;1;1;1;1;1;1;0;1;1;1;1;0;1;0;0;1;0;0;0;0
Row18;amazinghiring.com;1;1;0;1;1;1;0;1;1;1;1;0;0;0;1;1;1;1;0;1;0;0;0;0;0
Row19;applicantpro.com;0;0;1;1;0;1;0;1;0;0;0;0;0;1;0;0;1;1;1;0;0;0;0;0;0
Row20;applicantstack.com;0;1;1;1;0;1;1;0;1;0;1;0;0;1;1;1;1;1;1;0;1;0;0;0;0
Row21;appliview.com;1;0;1;1;1;1;1;1;1;0;1;0;1;0;1;1;1;1;0;0;0;0;0;0;0
Row22;apploi.com;0;0;1;1;1;0;0;1;1;1;1;0;0;1;0;1;1;1;0;1;0;0;0;0;0
Row23;aps2k.com;1;0;1;1;1;1;1;1;1;0;1;0;0;1;0;1;0;1;0;1;0;0;0;0;0
Row24;arca24.com;1;0;0;1;0;0;0;1;1;0;0;1;1;1;0;0;1;0;0;0;1;0;0;0;0
Row25;ascendify.com;1;1;1;1;1;1;1;1;1;1;1;1;1;1;1;1;1;1;0;0;0;0;0;0;0
Row26;ascentis.com;0;0;0;0;0;0;0;0;1;0;1;0;0;1;0;1;1;1;0;0;0;0;0;0;0
Row27;assess.co.nz;0;1;0;0;0;0;0;0;0;0;0;0;0;0;0;0;0;0;0;0;0;0;0;0;0
Row28;assessfirst.com;1;1;0;1;1;1;0;0;0;0;1;0;0;1;0;0;1;1;0;0;0;0;0;0;0
Row29;astarel.io;0;0;1;1;0;0;0;0;0;0;1;0;0;1;0;0;0;1;0;0;1;0;0;0;0
Row30;atomichire.com;0;0;0;0;0;0;0;0;0;0;1;0;0;1;1;0;1;1;0;0;0;0;0;0;0
Row31;atsii.fr;0;0;0;0;0;0;0;0;1;0;1;0;0;1;1;1;1;1;0;0;0;0;0;0;0
Row32;atsondemand.com;0;1;1;0;0;0;0;0;0;0;0;0;0;0;1;0;1;1;1;0;1;0;0;0;0
Row33;avature.net;1;0;1;1;1;1;1;1;1;1;1;0;1;1;1;1;1;1;1;1;1;1;0;1;0
Row34;b-ite.de;0;0;0;1;1;1;1;0;1;1;1;0;1;1;1;1;1;1;1;1;1;1;0;0;0
Row35;backgroundsmartsolutions.com;0;0;1;0;0;0;0;0;1;0;0;0;0;1;0;0;0;0;1;0;1;0;0;0;0
Row36;bamboohr.com;0;0;0;0;0;0;1;0;0;0;1;0;0;1;1;1;1;0;0;0;0;0;0;0;0
Row37;beamery.com;1;0;1;1;0;1;1;1;1;1;1;1;1;1;1;1;1;1;0;1;0;0;0;1;0
Row38;beapplied.com;0;1;0;1;0;0;0;0;0;0;1;0;0;1;1;0;1;1;0;0;1;0;0;0;0
Row39;benefinderhcm.com;0;0;1;0;0;1;0;0;0;0;0;1;0;1;1;0;0;1;0;0;0;0;0;0;0
Row40;berkeassessment.com;0;1;0;0;0;0;0;0;0;0;0;0;0;0;0;0;0;0;0;0;0;0;0;0;0
Row41;betterteam.com;0;0;0;0;0;1;0;0;0;0;1;0;0;1;1;1;0;0;0;0;0;0;0;0;0
Row42;bizneo.com;0;1;1;1;1;1;1;0;1;0;1;1;1;1;1;1;1;1;0;1;1;0;0;0;0
Row43;bizrun.com;0;0;1;0;0;1;0;0;1;0;1;0;0;1;1;1;0;0;1;0;0;1;0;0;0
Row44;breezy.hr;0;0;1;1;1;1;0;1;0;0;1;0;0;1;1;0;0;1;1;0;1;0;0;0;0
Row45;brightmove.com;0;0;1;0;0;1;0;0;1;0;1;0;0;1;1;0;1;1;0;0;0;0;0;0;0
Row46;cammio.com;0;1;1;1;0;0;0;0;0;0;1;0;0;0;0;0;1;0;0;0;1;0;0;0;0
Row47;candidatemanager.net;0;0;0;1;0;1;0;0;1;0;1;0;0;0;1;1;0;1;0;0;1;0;0;0;0
Row48;career.place;0;1;1;0;0;0;0;0;0;0;1;0;0;0;0;0;0;1;0;0;0;0;0;0;0
Row49;careerharmony.com;1;1;1;1;1;1;0;1;1;0;1;0;0;0;1;1;1;1;0;0;1;0;1;0;0
Row50;careerlisterapp.com;0;0;1;0;1;1;0;0;1;0;1;0;0;1;0;0;0;1;0;0;0;0;0;0;0
Row51;careerplug.com;0;1;1;1;0;0;0;0;1;1;0;0;0;1;1;1;1;1;1;0;0;0;0;0;0
Row52;cavall.io;0;0;1;0;0;0;0;0;1;0;1;0;0;1;0;1;0;1;0;0;0;1;0;0;0
Row53;ceipal.com;1;1;0;0;0;0;0;0;0;0;1;1;0;0;1;1;1;1;1;0;0;0;1;0;0
Row54;ceridian.com;0;0;1;1;0;0;0;0;1;1;1;1;0;0;1;1;0;1;0;0;0;0;0;0;0
Row55;clearcompany.com;0;0;1;0;0;0;0;0;0;1;1;1;1;1;1;0;1;1;1;0;1;0;0;0;0
Row56;cleverstaff.net;0;0;0;0;0;0;0;0;1;0;1;0;0;0;1;1;1;1;0;0;0;0;0;0;0
Row57;cluen.com;0;0;1;0;0;0;1;0;1;1;1;1;0;0;0;0;0;1;0;0;0;0;0;0;0
Row58;cmshris.com;0;0;0;1;0;0;1;0;0;0;1;0;0;0;1;1;1;1;0;0;0;0;0;0;0
Row59;coderbyte.com;0;1;0;0;0;0;0;0;0;0;0;0;0;0;0;0;0;0;0;0;0;0;0;0;0
Row60;codility.com;0;1;0;0;0;1;0;0;0;0;0;0;0;0;0;0;0;1;0;0;1;0;0;0;0
Row61;comeet.co;0;1;1;1;0;1;0;1;1;0;1;1;1;1;1;1;1;1;0;1;1;0;0;0;0
Row62;company.cvwarehouse.com;0;0;0;0;1;0;0;1;1;0;1;1;1;0;1;1;1;1;0;0;0;0;0;0;0
Row63;coolersoft.com;0;0;1;0;1;0;0;0;0;1;1;1;0;0;0;0;0;1;0;0;0;0;0;0;0
Row64;cornerstoneondemand.com;1;0;1;0;0;0;0;0;0;1;1;0;0;1;0;1;1;1;1;0;1;0;0;0;0
Row65;criteriacorp.com;0;1;0;0;0;0;0;0;0;1;1;0;0;1;0;0;0;1;0;0;0;0;0;0;0
Row66;cvviz.com;1;1;0;1;1;1;0;1;1;1;1;0;0;1;1;1;1;1;0;0;1;0;0;0;0
Row67;datacruit.com;0;0;0;0;1;0;0;1;0;0;1;0;0;1;1;1;1;1;0;0;0;0;0;0;0
Row68;daxtra.com;1;0;0;0;0;0;0;1;1;0;0;0;1;0;0;0;0;0;0;0;0;0;0;0;0
Row69;easyhire.me;0;1;1;0;0;0;0;0;0;0;0;0;1;0;1;0;0;1;0;0;1;0;0;0;0
Row70;eddyhr.com;0;0;0;0;0;0;0;0;0;0;1;0;0;1;1;0;1;1;0;0;0;0;0;0;0
Row71;eggup.co;0;1;0;0;0;0;0;0;0;0;0;0;0;0;0;0;0;0;0;0;0;0;0;0;0
Row72;eightfold.ai;1;0;1;1;0;1;0;0;1;0;1;0;0;0;0;0;0;0;0;0;0;0;0;1;0
Row73;elementapp.ai;1;1;1;1;1;1;0;1;1;0;1;0;0;0;1;0;1;1;0;0;0;0;0;0;0
Row74;elmotalent.com.au;0;0;1;0;1;0;0;1;1;0;0;0;0;1;1;0;1;1;1;0;0;0;0;0;0
Row75;emissary.ai;0;0;0;0;0;1;0;0;0;0;0;0;0;0;0;0;0;0;0;0;0;0;1;0;0
Row76;employinsight.com;0;1;0;0;0;0;0;0;0;0;0;0;0;0;0;0;0;0;0;0;0;0;0;0;0
Row77;emply.com;0;1;1;0;1;0;1;0;0;0;1;0;0;0;1;1;1;1;0;0;1;1;0;0;0
Row78;enlist.io;0;0;1;1;1;1;1;0;1;0;1;0;0;0;1;1;1;1;0;0;0;1;0;0;0
Row79;enlizt.com;0;1;1;1;0;0;0;0;1;0;1;0;1;1;1;1;1;1;0;0;1;0;0;0;0
Row80;eploy.co.uk;0;1;1;1;1;1;1;1;1;1;1;0;1;1;1;1;0;1;1;0;1;1;0;0;0
Row81;eskill.com;0;1;0;0;0;0;0;0;0;0;0;0;0;0;0;0;0;0;0;0;1;0;0;0;0
Row82;evie.ai;0;0;1;0;0;0;0;0;0;0;0;0;0;0;0;0;0;0;0;0;0;0;0;0;0
Row83;exacthire.com;0;1;1;0;1;1;0;0;1;0;1;0;0;1;1;0;1;0;1;1;0;0;0;0;0
Row84;exelare.com;0;0;1;1;1;1;0;1;1;0;1;0;0;1;1;1;1;0;0;0;0;0;0;0;0
Row85;exelero.com;0;0;0;1;0;1;0;1;1;0;1;0;0;0;1;0;1;1;0;0;0;0;0;0;0
Row86;expertite.com;0;0;0;0;0;1;0;0;1;0;1;0;0;1;1;1;1;1;0;1;0;0;0;0;0
Row87;factorialhr.com;0;0;0;0;0;0;0;0;0;0;1;0;0;0;1;0;1;1;0;0;0;0;0;0;0
Row88;fetcher.ai;0;0;0;1;0;1;0;1;1;1;0;0;0;0;0;0;0;0;0;0;0;0;0;0;0
Row89;firefishsoftware.com;0;0;0;1;0;1;1;1;0;0;1;0;0;1;1;1;1;1;0;1;0;0;0;0;0
Row90;flatchr.io;0;0;0;0;0;0;0;0;0;0;1;0;0;0;1;1;1;1;0;0;0;0;0;0;0
Row91;fountain.com;0;0;1;1;1;1;0;1;1;0;1;0;1;1;1;1;1;1;1;1;1;0;1;0;0
Row92;freshteam.com;0;0;1;1;1;0;0;0;1;0;1;0;0;0;1;1;1;1;0;1;0;0;0;0;0
Row93;furstperson.com;0;1;0;0;0;0;0;0;0;0;1;0;0;0;0;0;1;0;0;0;0;0;0;0;0
Row94;genius.online;1;1;1;1;1;1;1;1;1;0;1;0;0;1;1;0;1;1;0;1;0;0;0;0;0
Row95;gethired.com;0;0;0;1;0;1;0;0;1;0;0;0;0;1;1;1;1;1;1;0;1;0;0;0;0
Row96;gethrs.com;0;0;1;0;0;0;0;1;1;0;1;0;0;1;1;1;0;0;0;0;0;0;0;0;0
Row97;go4recruitingsoftware.com;0;0;1;0;1;0;0;1;1;0;0;0;0;1;1;1;0;0;0;0;0;0;0;0;0
Row98;goarya.com;1;0;1;1;0;1;0;1;1;0;0;0;0;0;0;0;1;1;0;0;0;0;1;0;0
Row99;gocatalant.com;1;0;0;0;0;0;0;0;0;0;0;1;0;0;0;0;0;0;0;0;0;0;0;0;0
Row100;gohire.com;1;0;1;1;0;1;0;1;1;0;0;0;0;1;0;0;1;0;0;0;1;0;1;1;0
Row101;gohire.io;0;0;1;0;0;0;0;0;1;0;1;0;0;0;1;1;1;1;0;0;0;0;0;0;0
Row102;goodtime.io;0;0;1;0;1;0;0;0;0;0;1;0;0;1;0;0;0;1;0;0;1;0;0;0;0
Row103;gr8people.com;1;0;1;1;0;0;0;1;1;0;1;1;1;0;1;0;1;1;0;0;1;0;0;1;0
Row104;graylink.biz;0;1;0;1;0;1;1;0;1;0;1;0;0;1;1;1;1;1;1;0;1;0;1;0;0
Row105;grayscaleapp.com;0;0;1;0;0;1;0;0;0;0;0;0;0;0;0;0;0;1;0;0;0;0;0;0;0
Row106;greenhouse.io;0;0;0;1;0;1;1;0;1;0;1;0;1;1;0;0;1;1;0;0;0;0;0;1;0
Row107;harbour-ats.com;0;0;0;1;0;1;0;1;1;0;0;0;0;1;1;0;1;0;0;0;0;0;0;0;0
Row108;harver.com;0;1;1;1;0;0;0;0;0;1;1;0;0;0;0;0;0;0;0;0;1;0;0;0;0
Row109;headstart.io;0;1;0;1;0;0;0;0;0;0;1;0;0;1;0;0;1;1;0;0;0;0;0;1;0
Row110;headway.ai;1;0;1;0;0;1;0;1;0;0;0;0;0;1;0;0;0;0;0;0;0;0;0;0;0
Row111;hellotalent.com;0;0;0;0;0;0;0;0;1;0;1;0;0;0;1;1;1;0;0;0;0;0;0;0;0
Row112;herefish.com;1;0;0;1;1;1;0;0;1;0;1;0;0;0;0;0;0;1;0;1;0;1;0;0;0
Row113;hireability.com;1;0;0;1;0;0;0;0;1;0;0;0;1;0;0;0;0;0;0;0;0;0;0;0;0
Row114;hirebee.ai;1;0;1;1;0;1;1;0;1;0;1;0;0;0;1;1;1;1;0;0;0;0;0;0;0
Row115;hirebridge.com;0;0;1;1;0;0;1;0;1;1;1;1;0;1;1;1;1;1;1;0;1;0;0;0;0
Row116;hiredscore.com;1;0;0;1;0;0;0;0;1;0;0;0;0;0;0;0;0;0;0;0;0;0;0;0;0
Row117;hireful.co.uk;0;0;1;1;1;0;1;0;1;0;1;0;0;1;1;1;1;1;0;0;1;1;0;0;0
Row118;hirelist.com;0;0;0;1;1;0;0;0;0;0;1;0;0;0;1;0;1;0;0;0;0;0;0;0;0
Row119;hiremojo.com;1;1;0;1;0;0;0;0;0;0;1;0;0;0;1;1;0;0;0;0;1;0;1;0;0
Row120;hireology.com;0;1;0;1;1;0;0;0;1;0;1;0;0;1;1;1;1;1;1;1;0;0;0;0;0
Row121;hireonboard.com;1;0;1;1;0;0;1;0;1;0;1;0;0;0;1;1;1;1;0;0;1;0;0;0;0
Row122;hireserve.com;0;1;1;1;1;0;0;0;1;0;1;0;0;1;1;1;1;1;1;0;1;0;0;0;0
Row123;hirestorm.com;0;0;0;0;0;1;0;1;0;0;1;0;0;1;1;1;0;1;0;0;0;0;0;0;0
Row124;hiretual.com;1;0;0;1;0;1;0;1;1;0;0;0;0;0;1;1;0;0;0;1;0;0;0;0;0
Row125;hirevue.com;1;1;1;1;0;0;0;0;0;0;0;0;0;0;0;0;0;0;0;0;1;0;0;1;0
Row126;hiring.careerbuilder.com;1;0;0;0;0;1;0;1;0;0;1;0;0;0;1;1;0;1;0;1;0;0;0;0;0
Row127;hiringsolved.com;1;0;0;1;1;0;0;1;1;0;1;0;0;0;0;0;0;0;0;0;0;0;0;0;0
Row128;hiringthing.com;0;1;1;0;0;0;1;0;0;0;1;0;0;1;1;0;1;1;1;0;0;0;0;0;0
Row129;homerun.co;0;1;1;0;1;0;1;1;0;0;1;0;1;1;0;1;1;1;0;0;1;0;0;0;0
Row130;hr-manager.net;0;0;1;0;1;0;0;1;0;0;0;0;0;1;1;1;1;1;0;0;0;0;0;0;0
Row131;hrboss.com;0;0;1;1;0;0;0;0;1;0;1;0;1;1;1;1;1;1;0;0;0;0;0;0;0
Row132;hrmc.com;1;1;1;1;1;0;0;0;1;1;1;0;0;1;1;0;0;0;1;0;0;0;0;0;0
Row133;hrpuls.de;0;1;1;1;0;0;1;0;1;0;1;0;1;1;1;1;1;1;0;0;0;0;0;0;0
Row134;hubert.ai;1;1;1;1;0;0;0;0;1;0;1;0;0;1;0;0;1;0;0;0;0;0;1;0;0
Row135;huntool.in;0;0;0;0;0;0;0;1;1;0;1;0;0;0;0;0;0;1;0;0;0;0;0;0;0
Row136;icims.co.uk;1;1;1;0;1;1;0;1;0;1;1;1;0;1;1;0;1;1;1;0;1;0;1;1;0
Row137;iclickats.com;0;0;1;0;0;0;0;0;0;0;1;0;0;0;0;0;1;1;0;1;0;0;0;0;0
Row138;ideal.com;1;1;1;1;0;0;0;1;1;0;1;0;0;1;0;0;0;1;0;0;0;0;1;0;0
Row139;igloohr.com;0;0;1;0;0;0;1;1;0;0;1;0;0;0;0;0;1;1;0;0;0;0;0;0;0
Row140;in-recruiting.com;1;1;1;1;0;0;1;0;1;1;1;0;1;1;1;1;1;1;0;0;1;0;0;0;0
Row141;inasoft.fr;1;1;1;1;0;0;0;1;1;0;1;0;1;0;1;1;1;1;1;0;1;0;0;0;0
Row142;indivizo.com;1;1;0;0;1;0;1;0;0;0;1;0;0;0;0;0;0;1;0;0;1;0;0;0;0
Row143;interviewopps.com;0;1;1;0;0;0;0;0;0;0;1;0;0;1;1;0;1;0;0;0;1;0;1;0;0
Row144;interviewschedule.com;0;0;1;0;0;0;0;0;0;0;0;0;0;0;0;0;0;1;0;0;0;0;0;0;0
Row145;interviewstream.com;0;0;1;0;0;0;0;0;0;0;0;0;0;1;0;0;0;0;0;0;1;0;0;0;0
Row146;intuition-software.com;0;0;0;0;0;1;0;1;0;0;1;0;0;1;1;1;0;1;0;0;0;0;0;0;0
Row147;inwork.io;0;0;1;1;0;0;0;0;1;0;1;0;0;0;0;0;1;1;0;0;0;0;0;0;0
Row148;ismartsocial.com;0;0;0;0;0;1;0;0;0;0;0;0;0;0;1;1;0;0;0;0;0;0;0;0;0
Row149;jazzhr.com;0;1;1;1;0;0;0;1;0;0;1;0;0;1;1;0;1;1;1;0;0;0;0;0;0
Row150;jobadder.com;1;0;0;0;0;1;0;1;1;0;1;0;0;0;1;0;1;1;0;0;0;0;0;0;0
Row151;jobdiva.com;1;0;1;1;1;1;0;1;1;0;1;0;1;1;1;0;1;1;1;0;1;0;0;0;0
Row152;jobma.com;0;0;1;0;0;0;0;0;0;0;0;0;0;0;0;0;0;0;0;0;1;0;0;0;0
Row153;jobscience.com;0;0;0;1;0;1;1;0;1;0;1;0;0;0;1;0;1;1;0;0;0;0;0;0;0
Row154;jobscore.com;0;0;1;1;0;0;1;0;1;0;1;0;1;1;1;1;1;1;0;0;0;0;0;0;0
Row155;jobsmedia.ca;0;1;0;0;0;0;1;0;0;0;1;0;0;1;1;1;1;1;0;0;0;0;0;0;0
Row156;jobsoid.com;0;0;1;1;1;1;0;1;0;0;1;0;0;1;1;1;1;1;0;0;1;0;0;0;0
Row157;jobtoolz.com;0;0;1;0;1;1;1;1;1;0;1;0;1;1;0;1;1;1;0;0;0;0;0;0;0
Row158;jobtrain.co.uk;1;1;0;0;0;0;0;1;0;0;1;0;0;0;1;1;1;0;0;0;0;0;0;0;0
Row159;jobufo.com;0;0;0;1;0;1;0;1;1;0;0;0;0;1;1;0;1;0;0;0;1;0;1;0;0
Row160;jobvite.com;1;1;1;1;0;1;1;1;0;1;1;1;1;1;1;1;1;1;0;0;1;0;1;1;0
Row161;jobylon.com;0;0;1;0;0;1;1;1;1;0;1;0;0;1;1;1;0;0;0;0;1;0;0;0;0
Row162;joineight.com;1;0;1;0;0;1;0;0;0;0;1;0;0;1;1;1;1;1;0;0;0;0;0;0;0
Row163;kallidus.com;0;1;0;0;1;0;1;1;1;1;1;1;0;1;1;1;1;0;0;0;1;1;0;0;0
Row164;keldairhr.com;0;0;1;1;1;0;1;0;1;0;1;0;0;1;1;0;1;1;1;0;0;0;0;0;0
Row165;keyclouding.cl;0;1;0;1;0;0;0;0;1;0;0;0;0;0;0;0;0;1;0;0;1;0;0;0;0
Row166;kioskemploi.fr;0;1;1;0;0;0;0;0;0;0;1;1;0;1;1;0;1;1;0;0;1;0;0;0;0
Row167;kwantek.com;0;0;0;0;0;0;0;0;0;0;0;0;1;1;1;0;1;1;0;0;0;0;0;0;0
Row168;launchpadrecruits.com;1;1;1;1;0;0;0;0;1;0;1;0;0;1;0;0;0;1;0;0;1;0;0;0;0
Row169;leoforce.com;1;0;0;0;0;0;0;0;0;0;1;0;0;0;1;1;0;1;0;0;0;0;0;0;0
Row170;lever.co;0;0;1;1;0;1;0;1;0;0;1;1;0;1;1;0;1;1;0;0;1;0;0;0;0
Row171;lightapply.com;0;0;0;0;0;0;0;0;0;0;1;0;0;0;0;0;0;0;0;0;0;0;0;0;0
Row172;live-interview.com;0;1;1;0;0;0;0;0;0;0;0;0;0;1;0;0;1;0;0;0;1;0;0;0;0
Row173;livehire.com;1;0;0;1;0;1;0;1;0;0;1;1;0;1;1;0;1;1;0;0;0;0;0;0;0
Row174;livevideointerviews.com;0;0;0;0;0;0;0;0;0;0;0;0;0;0;0;0;0;0;0;0;1;0;0;0;0
Row175;localjobnetwork.com;0;0;0;0;0;0;0;0;0;0;0;0;0;0;1;0;0;0;0;0;0;0;0;0;0
Row176;localwork.io;0;0;0;0;1;0;0;0;0;0;1;0;0;1;1;0;1;1;0;0;0;0;0;0;0
Row177;logicmelon.com;0;0;0;1;0;1;0;1;1;0;1;0;0;0;1;1;1;1;0;0;0;0;0;0;0
Row178;loxo.co;0;0;0;1;0;1;0;1;0;0;0;0;0;0;1;0;0;0;0;0;0;0;0;0;0
Row179;manatal.com;0;0;1;1;1;1;0;1;1;0;1;0;1;1;1;1;1;1;0;0;0;0;0;0;0
Row180;mettl.com;0;1;0;0;0;1;0;0;0;0;0;0;0;0;0;0;0;0;0;0;1;0;0;0;0
Row181;microdec-profile.com;0;0;1;0;1;0;1;1;1;0;1;0;1;0;1;0;0;0;0;0;0;0;0;0;0
Row182;mightyrecruiter.com;0;1;0;1;0;0;0;0;1;0;1;0;0;0;1;1;1;0;0;0;0;0;0;0;0
Row183;mindmatcher.org;1;1;0;1;0;0;0;0;1;0;1;0;0;0;1;0;0;1;0;0;0;0;1;0;0
Row184;modernhire.com;0;1;1;1;0;1;0;0;0;1;0;0;0;0;0;0;0;0;0;0;1;0;0;0;0
Row185;montagetalent.com;1;1;1;1;0;0;0;0;1;1;0;0;0;1;0;0;1;1;0;0;1;0;0;0;0
Row186;mosaictrack.com;0;0;0;0;0;1;0;1;0;1;1;0;0;0;0;1;1;1;0;0;0;0;1;0;0
Row187;mya.com;0;1;1;1;0;1;0;1;0;0;1;0;1;1;1;1;1;1;0;0;0;0;1;0;0
Row188;myinterview.com;0;1;1;0;0;0;0;0;0;0;0;0;0;1;0;0;0;0;0;0;1;0;0;0;0
Row189;myrecruitmentplus.com;0;1;0;1;1;1;1;1;1;0;1;1;0;1;1;1;1;1;1;0;1;1;0;0;0
Row190;mystaffingpro.com;0;1;1;1;0;0;1;0;1;0;1;1;1;1;1;1;1;1;0;1;1;0;0;1;0
Row191;naukrirms.com;0;0;0;1;0;0;0;0;1;0;1;0;0;1;1;1;1;1;0;0;0;0;0;0;0
Row192;norteksolutions.ca;0;0;0;1;0;0;0;0;1;0;1;0;0;0;1;0;1;1;0;0;0;0;0;0;0
Row193;occupop.com;1;0;1;1;0;0;1;0;1;0;1;0;0;0;1;1;1;1;0;0;0;0;0;0;0
Row194;officekithr.com;0;0;1;0;0;0;0;0;0;0;1;0;1;0;1;0;0;1;0;0;0;0;0;0;0
Row195;officetroops.com;0;0;0;1;0;0;0;0;1;0;0;0;0;0;1;1;1;1;0;0;1;0;0;0;0
Row196;oleeo.com;1;0;1;1;1;1;1;1;1;1;1;0;0;1;1;1;1;1;1;0;1;1;0;1;0
Row197;onehcm.com;0;0;0;0;0;0;0;0;0;0;1;0;0;0;1;0;0;1;0;0;0;0;0;0;0
Row198;onerecruit.com;1;0;1;1;1;0;0;1;1;0;0;0;1;1;0;1;1;1;0;0;0;1;0;0;0
Row199;optimizehire.com;0;1;0;0;0;0;0;0;0;0;0;0;0;0;0;0;0;0;0;0;0;0;0;0;0
Row200;oracle.com;0;0;0;0;0;0;0;0;0;0;0;0;0;0;0;0;0;0;0;0;0;0;0;0;1
Row201;orderboard.ai;1;0;0;0;0;1;0;1;0;0;1;0;0;0;0;0;0;0;0;0;0;0;0;0;0
Row202;otys.com;1;0;0;1;0;1;0;0;1;0;1;0;0;1;1;1;1;1;0;0;0;0;0;0;0
Row203;outmatch.com;1;1;0;0;0;0;0;0;0;0;0;1;1;0;0;0;0;0;1;0;1;0;0;0;0
Row204;pageuppeople.com;1;0;0;0;1;1;0;1;1;1;1;0;0;1;1;1;1;1;0;1;0;0;0;0;0
Row205;pandologic.com;0;0;0;0;0;1;0;0;0;0;0;0;0;0;1;1;0;0;0;0;0;0;0;0;0
Row206;paradox.ai;0;0;1;1;0;0;0;0;0;0;0;0;0;1;0;0;1;0;0;0;1;0;1;1;0
Row207;param.ai;1;0;1;1;1;1;0;1;1;0;1;0;0;1;1;1;1;0;0;1;0;0;1;1;0
Row208;payprocorp.com;0;0;0;1;0;0;0;0;1;0;1;0;0;1;0;0;0;0;0;0;0;0;0;0;0
Row209;pcrecruiter.net;0;1;0;1;0;1;0;1;1;0;1;0;1;1;1;0;0;1;1;0;0;0;0;0;0
Row210;peoplecapital.com;0;0;1;0;1;1;1;0;1;1;1;0;0;0;1;1;1;1;0;0;0;0;0;0;0
Row211;peoplefluent.com;0;1;1;0;1;1;0;0;1;0;1;1;1;1;0;0;0;1;1;1;1;0;0;0;0
Row212;peopleguru.com;0;0;1;1;0;0;1;0;1;0;1;0;0;0;1;0;0;1;0;0;0;0;0;0;0
Row213;peoplehr.com;0;0;0;1;0;0;0;0;1;0;1;0;0;1;1;0;0;0;0;0;1;0;0;0;0
Row214;peoplescout.com;1;0;0;1;0;1;0;0;1;0;1;0;0;1;1;1;1;0;0;0;1;0;1;0;0
Row215;pereless.com;0;0;0;1;0;0;0;1;1;0;0;0;0;0;1;1;1;0;0;0;0;0;0;0;0
Row216;performahrm.com;0;1;1;0;1;1;1;0;1;0;1;0;0;0;1;1;0;1;0;0;0;0;0;0;0
Row217;phenom.com;1;0;0;1;0;1;0;1;1;0;1;1;1;1;1;1;1;1;0;1;0;1;1;1;0
Row218;phoenixats.com;0;0;0;1;0;0;1;1;1;0;1;1;0;0;1;1;1;1;0;0;0;1;0;0;0
Row219;pinpointhq.com;0;0;1;0;0;1;0;1;1;0;1;0;1;0;1;0;1;1;0;0;1;0;0;0;0
Row220;platinasoft.com;1;0;0;1;0;0;1;0;1;0;1;0;0;0;1;1;1;1;0;0;0;0;0;0;0
Row221;precedenthr.com;0;0;1;1;0;0;0;0;1;0;1;0;0;1;1;0;0;0;0;0;1;0;0;0;0
Row222;preemploymentassessments.com;0;1;0;0;0;0;0;0;0;0;0;0;0;0;0;0;0;0;0;0;0;0;0;0;0
Row223;prescreen.io;0;0;1;1;0;1;1;1;1;0;1;1;0;0;1;1;1;1;0;0;1;0;0;0;0
Row224;prevuehr.com;0;1;0;1;0;0;0;0;1;1;1;0;0;0;1;1;0;1;0;0;0;0;0;0;0
Row225;prim-software.com;0;0;1;1;0;0;0;0;1;0;1;0;0;0;1;0;0;1;0;0;0;0;0;0;0
Row226;pymetrics.ai;0;1;0;0;0;0;0;0;0;0;0;0;0;0;0;0;0;0;0;0;0;0;0;0;0
Row227;qjumpers.co.nz;1;0;0;1;1;0;1;1;1;0;1;0;0;1;1;0;1;1;0;0;0;0;0;0;0
Row228;qpage.one;1;1;1;1;1;1;1;1;1;0;1;1;0;1;1;1;1;1;0;0;1;0;0;0;0
Row229;quanthub.com;0;1;0;0;0;0;0;0;0;0;1;0;0;0;0;0;0;0;0;0;0;0;0;0;0
Row230;recooty.com;0;0;1;0;0;0;0;1;1;1;1;0;1;0;1;1;1;0;0;0;0;0;0;0;0
Row231;recright.com;0;0;1;0;0;1;0;0;0;1;1;0;1;0;0;0;1;0;0;0;1;0;0;0;0
Row232;recruhr.com;0;1;0;1;1;1;1;1;1;0;1;0;1;0;1;1;1;1;0;0;0;0;0;1;0
Row233;recruitbpm.com;0;0;1;1;0;0;1;1;1;0;1;0;0;1;1;1;1;1;0;0;0;0;0;0;0
Row234;recruitee.com;0;0;1;1;0;1;1;0;1;1;1;0;1;1;1;0;1;1;0;0;1;0;0;0;0
Row235;recruiterbox.com;0;0;1;1;0;1;1;0;1;0;1;1;0;1;1;1;1;1;1;0;1;0;0;0;0
Row236;recruiterpal.com;0;1;0;0;0;0;0;0;0;0;1;0;0;1;1;1;1;1;0;0;0;0;0;0;0
Row237;recruiteze.com;0;0;0;1;1;1;0;1;1;0;1;0;0;0;1;0;1;1;0;0;0;0;0;0;0
Row238;recruitify.ai;1;0;0;1;0;1;0;0;1;0;0;0;0;1;1;1;1;1;0;0;0;0;0;0;0
Row239;recruiting.com;0;0;0;0;0;0;0;0;0;0;0;0;0;1;0;0;1;1;0;0;0;0;0;0;0
Row240;recruitive.com;0;0;0;0;0;0;0;1;0;0;1;0;0;1;1;1;1;0;0;0;0;0;0;0;0
Row241;recruitmentboost.com;0;0;1;1;0;0;0;1;1;0;1;0;0;0;0;0;1;0;0;0;0;0;0;0;0
Row242;recruitmentsmart.com;1;0;0;1;0;0;0;0;1;0;1;0;0;1;1;1;0;0;0;0;0;0;1;0;0
Row243;recruitright.tech;0;1;1;1;0;0;0;1;0;0;0;0;0;0;1;0;0;1;1;0;0;0;0;0;0
Row244;recruiz.com;0;0;1;1;0;0;0;1;1;0;1;0;0;0;1;1;0;1;0;0;0;0;0;0;0
Row245;rekroot.com;0;0;0;0;0;1;0;0;0;0;1;0;0;1;1;0;0;0;0;0;1;0;0;0;0
Row246;relation-rh.com;0;0;1;0;0;0;0;1;0;0;1;0;0;0;1;0;1;1;0;0;0;0;0;0;0
Row247;resourceassociates.com;0;1;0;0;0;0;0;0;0;0;0;0;0;0;0;0;0;0;0;0;0;0;0;0;0
Row248;retorio.com;1;1;0;0;0;0;0;0;0;0;1;0;0;0;0;0;0;0;0;0;1;0;0;0;0
Row249;riminder.net;1;1;0;1;0;0;0;0;1;0;0;0;0;0;0;0;0;1;0;0;0;0;0;0;0
Row250;saba.com;1;0;1;0;0;0;0;1;0;1;1;1;0;1;0;1;1;1;0;0;1;0;0;0;0
Row251;sap.com;1;0;0;1;1;1;1;1;1;1;1;1;1;1;1;1;1;1;0;0;0;1;0;0;0
Row252;scope-recruiting.de;0;0;0;0;0;1;0;0;0;0;1;0;0;0;1;1;1;1;0;0;0;0;0;0;0
Row253;scoptalent.com;0;1;0;0;0;1;0;0;1;0;1;0;0;1;1;0;0;1;0;0;1;0;0;0;0
Row254;seekout.io;1;0;0;1;0;0;0;0;0;1;1;0;0;0;0;1;0;1;0;0;0;0;0;0;0
Row255;shineinterview.com;0;1;0;0;0;0;0;0;0;0;1;0;0;1;0;0;0;0;0;0;1;0;0;0;0
Row256;shortlister.com;0;0;1;0;0;0;0;0;0;0;0;0;0;1;0;0;0;0;0;0;1;0;0;0;0
Row257;shortlyster.com;0;1;0;1;1;0;0;1;1;0;0;0;0;0;1;1;0;1;0;0;0;0;0;0;0
Row258;silkroad.com;0;0;1;0;0;0;0;0;0;1;0;0;0;0;0;0;1;0;0;0;0;0;0;0;0
Row259;simplicant.com;0;1;1;1;0;0;1;0;0;0;1;0;0;1;1;1;1;1;0;0;0;0;0;0;0
Row260;simplify.hr;0;0;0;1;0;0;0;1;1;0;1;0;0;0;1;1;1;0;0;0;0;0;0;0;0
Row261;simppler.com;0;0;0;0;0;0;0;0;0;0;1;1;0;0;0;0;0;1;0;0;0;0;0;0;0
Row262;skeeled.com;1;1;1;1;1;1;1;1;1;0;0;0;1;1;1;0;1;1;0;0;1;0;0;0;0
Row263;skillrobo.com;0;1;0;0;0;0;0;0;0;0;1;0;0;0;0;0;0;0;0;0;0;0;0;0;0
Row264;skillsurvey.com;0;0;0;0;0;0;0;1;0;0;1;0;0;1;0;0;1;0;1;1;0;0;0;0;0
Row265;smartcv.co;0;0;0;0;1;0;1;1;1;0;1;0;0;0;0;0;1;1;0;0;1;0;0;0;0
Row266;smartdreamers.com;0;0;0;0;0;1;0;1;0;0;1;0;0;0;1;1;1;1;0;1;0;0;0;0;0
Row267;smartrecruiters.com;0;1;0;1;1;1;1;1;0;0;1;0;0;0;0;1;0;1;0;0;0;1;0;0;0
Row268;smoothhiring.com;0;0;0;1;0;0;0;0;0;0;0;0;0;0;1;0;0;0;0;0;0;0;0;0;0
Row269;socialhire.io;0;0;0;0;0;0;0;0;1;0;1;0;1;1;1;1;1;1;0;0;0;0;0;0;0
Row270;softfactors.com;0;1;0;1;1;0;0;0;0;0;1;0;0;0;0;0;0;1;0;0;0;0;0;0;0
Row271;softgarden.io;0;1;1;1;0;0;1;0;0;0;1;0;1;1;1;0;1;1;0;0;1;0;0;0;0
Row272;sonru.com;0;0;1;0;0;0;0;0;0;1;0;0;1;0;0;0;1;0;0;0;1;0;0;0;0
Row273;sparkhire.com;0;0;1;0;1;0;1;0;0;0;1;0;0;1;0;0;1;0;0;0;1;0;0;0;0
Row274;squarecruit.com;1;0;1;1;1;1;0;1;1;0;1;0;0;1;1;1;1;1;0;0;1;0;1;0;0
Row275;staffcv.com;0;0;0;1;1;1;0;0;1;0;1;1;0;1;1;0;1;0;0;0;0;0;0;0;0
Row276;staffingsoft.com;0;0;1;1;1;1;0;0;1;0;1;0;0;0;1;0;1;1;1;0;0;0;0;0;0
Row277;stellares.ai;1;0;0;1;0;1;0;1;1;0;1;0;0;0;0;0;1;0;0;0;0;0;0;0;0
Row278;swarmhr.com;0;0;1;0;1;0;0;1;1;0;0;0;0;0;1;1;1;0;1;0;1;0;0;0;0
Row279;symphonytalent.com;1;1;0;0;0;0;0;1;0;0;1;1;0;1;0;0;1;1;0;0;1;0;1;0;0
Row280;taledo.com;0;0;0;0;0;0;0;1;0;0;0;0;0;0;1;0;1;1;0;0;1;0;0;0;0
Row281;talemetry.com;0;0;1;1;1;1;1;1;1;1;1;1;1;1;1;1;1;1;0;1;1;1;1;1;0
Row282;talent-funnel.com;0;0;1;0;1;0;0;1;0;0;1;0;0;1;1;0;1;1;1;0;1;0;0;0;0
Row283;talentbrand.com.br;0;1;1;1;1;1;0;0;0;0;1;0;0;1;1;0;1;1;1;0;0;0;0;0;0
Row284;talentcube.de;1;1;0;1;0;0;0;0;0;1;1;0;0;1;1;1;1;0;0;0;1;0;0;0;0
Row285;talentech.com;0;0;0;0;1;1;0;0;0;0;1;0;1;1;1;0;1;1;0;0;1;0;1;0;0
Row286;talentera.com;0;1;1;1;1;0;1;1;1;1;1;1;0;1;0;1;1;0;0;0;1;1;0;0;0
Row287;talentharness.com;0;1;0;1;0;0;0;0;1;0;1;0;0;1;1;1;1;0;0;1;1;0;0;0;0
Row288;talentifyhr.com;0;0;0;0;0;1;0;1;0;0;0;0;0;1;1;0;0;0;0;0;0;0;0;0;0
Row289;talention.com;0;0;0;1;1;1;1;1;1;1;1;0;1;1;1;0;1;1;0;1;0;1;0;1;0
Row290;talentlane.io;0;0;0;0;1;0;0;0;1;0;1;0;0;0;0;0;0;1;0;0;0;0;0;0;0
Row291;talentlyft.com;0;1;1;1;1;1;0;1;1;0;1;0;0;1;1;1;1;1;0;1;0;0;0;1;0
Row292;talentnest.com;0;1;0;1;1;1;1;0;1;0;1;0;0;1;1;1;1;1;0;0;0;0;0;0;0
Row293;talentpoolbuilder.com;0;0;0;0;0;1;1;0;1;0;1;0;0;0;1;0;1;1;0;0;1;0;0;0;0
Row294;talentrecruit.in;1;1;1;1;0;1;0;1;1;0;1;1;0;0;1;1;0;0;0;0;0;0;0;0;0
Row295;talentrover.com;0;0;1;1;1;1;1;1;1;0;1;0;0;1;1;1;1;1;0;1;0;0;0;0;0
Row296;talentvine.co.uk;0;0;0;1;1;1;0;0;1;0;1;0;1;1;1;1;1;1;1;1;1;0;0;0;0
Row297;talentwall.io;0;0;0;0;0;0;0;0;0;0;1;0;0;0;0;0;0;0;0;0;0;0;0;0;0
Row298;talroo.com;0;0;0;0;0;1;0;1;0;0;1;0;0;0;1;0;0;0;0;0;0;0;0;1;0
Row299;talview.com;0;1;1;0;1;0;0;1;0;1;0;0;1;1;0;0;0;0;0;0;1;0;1;1;0
Row300;taprecruit.co;0;0;0;0;0;1;0;0;0;1;1;0;0;0;1;0;0;0;0;0;0;0;0;0;0
Row301;teamtailor.com;0;0;0;1;1;1;0;1;1;0;1;0;0;0;1;1;1;1;0;0;0;1;1;0;0
Row302;testgorilla.com;0;1;1;0;0;0;0;0;0;0;0;0;0;1;0;0;0;0;0;0;1;0;0;0;0
Row303;textio.com;0;0;0;0;0;0;0;0;0;1;1;0;0;0;1;0;0;0;0;0;0;0;0;0;0
Row304;theapplicantmanager.com;0;0;0;1;0;0;0;0;1;0;1;0;0;1;1;0;1;1;0;0;0;0;0;0;0
Row305;thehiretalent.com;0;1;0;0;0;0;0;0;0;0;1;0;0;0;1;1;0;1;1;0;0;0;0;0;0
Row306;thetalentpool.co.in;0;0;0;0;0;0;0;0;0;1;1;0;0;0;1;1;0;1;0;0;0;1;0;0;0
Row307;thomasus.com;0;1;0;0;0;0;0;0;0;0;0;0;0;0;0;0;0;0;0;0;0;0;0;0;0
Row308;thrivetrm.com;0;0;1;1;0;0;1;1;1;0;1;0;1;0;0;0;0;1;0;0;0;0;0;0;0
Row309;tomhrm.com;0;0;1;1;1;0;1;1;1;0;1;0;0;1;1;1;1;1;0;0;0;0;0;0;0
Row310;topdoghr.com;0;0;0;0;1;1;1;0;1;0;1;0;0;0;1;0;1;1;1;0;1;0;0;0;0
Row311;tracktalents.com;0;0;0;1;1;1;0;1;0;0;1;0;0;0;1;1;1;1;0;0;0;0;0;0;0
Row312;traffit.com;0;0;1;0;1;1;1;1;0;0;1;0;0;0;1;0;1;1;0;0;0;0;0;0;0
Row313;tribepad.com;0;1;1;1;0;1;0;0;1;0;1;0;1;1;1;1;1;1;0;0;1;0;0;0;0
Row314;tsteps.co;1;1;1;1;0;0;0;0;1;0;1;0;0;0;0;0;1;1;0;0;0;0;0;0;0
Row315;turbohire.co;0;0;0;1;0;0;1;1;1;0;1;0;0;0;1;0;1;1;0;0;1;0;0;0;0
Row316;turborecruit.com.au;1;0;0;1;1;1;0;1;1;0;1;0;0;1;1;1;1;1;0;0;0;0;0;0;0
Row317;umantis.com;1;0;1;1;1;1;0;1;1;0;1;0;0;1;0;0;1;0;0;0;1;0;0;1;0
Row318;universumglobal.com;0;0;0;0;0;0;0;0;0;0;1;0;0;0;0;0;0;0;0;0;0;0;0;0;0
Row319;us.youcruit.com;0;0;0;1;1;1;0;0;0;0;1;0;0;0;1;1;1;0;0;1;0;0;0;0;0
Row320;vacancyfiller.com;0;1;1;0;1;0;0;1;1;0;1;0;0;0;1;1;1;1;0;0;1;1;0;0;0
Row321;vervoe.com;0;1;0;1;0;0;0;1;0;0;0;0;1;1;0;0;0;0;0;0;0;0;0;0;0
Row322;vettd.ai;1;1;0;1;0;0;0;0;0;0;0;0;0;0;0;0;0;0;0;0;0;0;0;0;0
Row323;viasto.com;0;0;1;0;0;0;0;0;0;1;0;0;0;1;0;0;0;0;0;0;1;0;0;0;0
Row324;vidcruiter.com;0;1;1;0;0;0;0;0;0;0;1;0;1;1;0;1;1;1;1;0;1;0;0;0;0
Row325;videobiorecruiter.com;1;1;0;1;0;0;0;0;0;0;0;0;0;0;0;0;0;1;0;0;1;0;0;0;0
Row326;videointerview.io;0;0;1;0;0;0;0;0;0;0;0;0;0;0;0;0;0;0;0;0;1;0;0;0;0
Row327;vieple.com;0;0;1;1;0;0;0;0;0;0;0;0;0;0;0;0;0;0;0;0;1;0;0;0;0
Row328;visibilitysoftware.com;0;1;0;1;0;0;0;0;0;0;1;0;0;0;0;0;0;1;1;0;1;0;0;0;0
Row329;visier.com;0;0;0;0;0;0;0;0;0;1;1;1;0;0;1;0;0;1;0;1;0;0;0;0;0
Row330;visume.online;1;1;0;0;1;0;0;1;0;0;1;0;0;0;1;0;0;1;0;0;0;0;0;0;0
Row331;viterbit.com;0;0;1;1;1;0;0;1;0;0;0;0;0;0;1;1;1;1;0;0;0;0;0;0;0
Row332;vivahr.com;0;0;0;1;0;0;1;1;1;0;1;0;0;0;1;1;1;1;0;0;0;0;0;0;0
Row333;welcomekit.co;0;0;0;1;1;0;0;0;0;0;1;0;0;0;0;1;1;1;0;0;0;0;0;0;0
Row334;wepow.com;0;0;0;0;0;0;0;0;0;0;1;0;0;1;0;0;1;1;0;0;1;0;0;0;0
Row335;whozwho.com;0;1;0;1;0;0;0;0;0;0;1;0;0;1;1;1;0;1;0;0;0;0;0;0;0
Row336;wonderlic.com;0;1;0;0;0;0;0;0;0;0;0;0;0;0;0;0;0;0;0;0;0;0;0;0;0
Row337;workable.com;1;0;1;0;1;1;1;1;1;1;1;1;1;1;1;1;1;1;0;0;1;1;0;0;0
Row338;workconex.com;0;0;1;1;0;1;0;0;1;0;1;0;0;0;1;1;0;1;0;0;0;0;0;0;0
Row339;workday.com;1;1;1;1;1;1;1;1;1;1;1;1;1;1;1;1;1;1;0;0;0;1;0;0;0
Row340;workland.ca;1;0;1;1;0;0;1;1;0;0;1;0;0;1;1;1;1;1;1;0;0;0;1;0;0
Row341;worky.mx;0;0;1;0;0;0;0;1;0;0;0;0;0;0;1;0;0;1;0;0;0;0;0;0;0
Row342;woventeams.com;0;1;0;0;0;0;0;0;0;0;0;0;0;0;0;0;0;0;0;0;0;0;0;0;0
Row343;x0pa.com;0;1;1;0;0;0;0;0;0;0;1;0;0;0;0;0;1;1;0;0;1;0;0;0;0
Row344;xobin.com;1;1;0;0;0;0;0;0;0;0;0;0;0;0;0;0;0;0;0;0;1;0;0;0;0
Row345;xor.ai;0;1;0;0;0;1;0;0;0;0;1;0;0;1;0;0;1;1;0;0;1;0;1;0;0
Row346;xperisoft.co;0;0;0;0;0;0;1;0;0;0;0;0;0;0;1;1;1;0;0;0;1;0;0;0;0
Row347;yello.co;0;0;1;1;0;1;0;1;0;1;1;0;0;1;1;0;0;1;0;0;1;0;0;1;0
Row348;zappyhire.com;1;1;0;0;0;0;0;0;1;1;1;0;0;0;0;0;1;0;0;0;0;0;1;0;0
Row349;zenapply.com;0;1;0;1;0;0;1;0;0;0;0;0;0;1;1;1;0;1;0;0;1;0;0;0;0
Row350;zenats.com;0;0;0;1;0;0;0;0;0;0;1;0;0;0;1;1;0;1;0;0;0;0;0;0;0
Row351;zenploy.io;0;0;1;1;0;0;1;0;0;0;1;0;0;0;1;1;1;1;0;0;0;0;0;0;0
Row352;zeyospace.com;0;0;1;1;1;0;0;1;1;0;1;0;0;0;1;0;0;1;0;0;0;0;0;0;0
Row353;zwayam.com;1;1;1;0;0;0;1;1;0;0;1;0;0;1;1;1;1;1;0;0;0;0;1;0;0
